{
  "Accuracy": 0.8830845771144279,
  "Precision": 0.9113924050632911,
  "Recall": 0.34951456310679613,
  "F1": 0.5052631578947369
}